{"type":"footer","name":"Footer","sections":{"media_with_content_RqxiU3":{"type":"media-with-content","blocks":{"media":{"type":"_media-without-appearance","static":true,"settings":{"media_type":"image","image":"shopify:\/\/shop_images\/maker-studio-hawaii.jpg","link":"","video_loop":true,"video_autoplay":false,"image_position":"cover","video_position":"cover"},"blocks":{}},"content":{"type":"_content-without-appearance","static":true,"settings":{"horizontal_alignment_flex_direction_column":"flex-start","vertical_alignment_flex_direction_column":"center","gap":24},"blocks":{"text_tPnNpR":{"type":"text","name":"t:names.heading","settings":{"text":"<p>Join our Newsletter — Get Updates, Offers and Invites.<\/p>","width":"fit-content","max_width":"normal","alignment":"left","type_preset":"h3","font":"var(--font-body--family)","font_size":"1rem","line_height":"normal","letter_spacing":"normal","case":"none","wrap":"pretty","color":"var(--color-foreground)","background":false,"background_color":"#00000026","corner_radius":0,"padding-block-start":0,"padding-block-end":0,"padding-inline-start":0,"padding-inline-end":0},"blocks":{}},"email_signup_zxrhUw":{"type":"email-signup","name":"t:names.email_signup","settings":{"width":"fill","custom_width":100,"inherit_color_scheme":true,"heading":"","heading_preset":"h3","color_scheme":"scheme-4","border_style":"all","border_width":0,"border_radius":100,"input_type_preset":"paragraph","style_class":"button","display_type":"arrow","label":"Sign up","integrated_button":false,"button_type_preset":"paragraph","padding-block-start":0,"padding-block-end":0,"padding-inline-start":0,"padding-inline-end":0},"blocks":{}}},"block_order":["text_tPnNpR","email_signup_zxrhUw"]}},"name":"t:names.media_with_text","settings":{"media_position":"left","media_width":"medium","media_height":"auto","section_width":"full-width","extend_media":true,"color_scheme":"scheme-7","padding-block-start":0,"padding-block-end":0}},"footer":{"type":"footer","blocks":{"group_MK6PAh":{"type":"group","settings":{"link":"","open_in_new_tab":false,"content_direction":"row","vertical_on_mobile":true,"horizontal_alignment":"space-between","vertical_alignment":"flex-start","align_baseline":false,"horizontal_alignment_flex_direction_column":"flex-start","vertical_alignment_flex_direction_column":"center","gap":16,"width":"fill","custom_width":67,"width_mobile":"fill","custom_width_mobile":100,"height":"fit","custom_height":100,"inherit_color_scheme":true,"color_scheme":"","background_media":"none","video_position":"cover","background_image_position":"cover","border":"none","border_width":1,"border_opacity":100,"border_radius":0,"placeholder":"","toggle_overlay":false,"overlay_color":"#00000026","overlay_style":"solid","gradient_direction":"to top","padding-block-start":0,"padding-block-end":24,"padding-inline-start":0,"padding-inline-end":0},"blocks":{"group_AeYPK8":{"type":"group","settings":{"link":"","open_in_new_tab":false,"content_direction":"row","vertical_on_mobile":true,"horizontal_alignment":"flex-start","vertical_alignment":"flex-start","align_baseline":false,"horizontal_alignment_flex_direction_column":"flex-start","vertical_alignment_flex_direction_column":"center","gap":20,"width":"custom","custom_width":60,"width_mobile":"fill","custom_width_mobile":100,"height":"fit","custom_height":100,"inherit_color_scheme":true,"color_scheme":"","background_media":"none","video_position":"cover","background_image_position":"cover","border":"none","border_width":1,"border_opacity":100,"border_radius":0,"placeholder":"","toggle_overlay":false,"overlay_color":"#00000026","overlay_style":"solid","gradient_direction":"to top","padding-block-start":0,"padding-block-end":0,"padding-inline-start":0,"padding-inline-end":0},"blocks":{"menu_F6QtGN":{"type":"menu","settings":{"menu":"footer","heading":"Shop","menu_spacing":12,"show_as_accordion":false,"accordion_icon":"caret","accordion_dividers":false,"inherit_color_scheme":true,"color_scheme":"","heading_preset":"h3","link_preset":"paragraph","padding-block-start":0,"padding-block-end":0,"padding-inline-start":0,"padding-inline-end":0},"blocks":{}},"menu_fHeXLe":{"type":"menu","settings":{"menu":"","heading":"Help","menu_spacing":12,"show_as_accordion":false,"accordion_icon":"caret","accordion_dividers":false,"inherit_color_scheme":true,"color_scheme":"","heading_preset":"h3","link_preset":"paragraph","padding-block-start":0,"padding-block-end":0,"padding-inline-start":0,"padding-inline-end":0},"blocks":{}},"menu_CRFABU":{"type":"menu","name":"t:names.menu","settings":{"menu":"","heading":"About","menu_spacing":12,"show_as_accordion":false,"accordion_icon":"caret","accordion_dividers":false,"inherit_color_scheme":true,"color_scheme":"","heading_preset":"h3","link_preset":"paragraph","padding-block-start":0,"padding-block-end":0,"padding-inline-start":0,"padding-inline-end":0},"blocks":{}}},"block_order":["menu_F6QtGN","menu_fHeXLe","menu_CRFABU"]}},"block_order":["group_AeYPK8"]},"footer_utilities_iTnDrc":{"type":"footer-utilities","name":"t:names.footer_utilities","settings":{"divider_thickness":1,"padding-block-start":20,"padding-block-end":0},"blocks":{"copyright":{"type":"_footer-copyright","static":true,"settings":{"show_powered_by":true,"font_size":"0.75rem","case":"none"},"blocks":{}},"policy_list":{"type":"_footer-policy-list","static":true,"settings":{"font_size":"0.75rem","case":"none"},"blocks":{}},"social_icons":{"type":"_footer-social-icons","static":true,"settings":{},"blocks":{"social_link_669aGB":{"type":"_social-link","name":"Facebook","settings":{"link":"https:\/\/www.facebook.com\/"},"blocks":{}},"social_link_mPkL4V":{"type":"_social-link","name":"Instagram","settings":{"link":"https:\/\/www.instagram.com\/"},"blocks":{}},"social_link_bRPJHh":{"type":"_social-link","name":"TikTok","settings":{"link":"https:\/\/www.tiktok.com\/"},"blocks":{}},"social_link_QEXeUQ":{"type":"_social-link","name":"X \/ Twitter","settings":{"link":"https:\/\/twitter.com\/"},"blocks":{}},"social_link_77ffzN":{"type":"_social-link","name":"YouTube","settings":{"link":"https:\/\/www.youtube.com\/"},"blocks":{}}},"block_order":["social_link_669aGB","social_link_mPkL4V","social_link_bRPJHh","social_link_QEXeUQ","social_link_77ffzN"]}},"block_order":[]}},"block_order":["group_MK6PAh","footer_utilities_iTnDrc"],"name":"Footer","settings":{"content_direction":"column","vertical_on_mobile":true,"horizontal_alignment":"flex-start","vertical_alignment":"center","align_baseline":false,"horizontal_alignment_flex_direction_column":"center","vertical_alignment_flex_direction_column":"center","gap":12,"section_width":"page-width","section_height":"","color_scheme":"scheme-2","background_media":"none","video_position":"cover","background_image_position":"cover","padding-block-start":36,"padding-block-end":18}}},"order":["media_with_content_RqxiU3","footer"]}