{"type":"header","name":"Header","sections":{"header_announcements_WbCTVz":{"type":"header-announcements","blocks":{"announcement_mxxhta":{"type":"_announcement","settings":{"text":"Uplevel your office with new decor","link":"shopify:\/\/collections\/all","font":"var(--font-primary--family)","font_size":"var(--font-size--body-md)","weight":"","letter_spacing":"normal","case":"none"},"blocks":{}}},"block_order":["announcement_mxxhta"],"name":"t:names.announcement_bar","settings":{"speed":5,"section_width":"full-width","color_scheme":"scheme-3","divider_width":0,"padding-block-start":15,"padding-block-end":15}},"header_section":{"type":"header","blocks":{"header-logo":{"type":"_header-logo","static":true,"settings":{"hide_logo_on_home_page":false,"custom_height":36,"custom_height_mobile":28,"padding-block-start":0,"padding-block-end":0,"padding-inline-start":0,"padding-inline-end":0},"blocks":{}},"header-menu":{"type":"_header-menu","static":true,"settings":{"menu":"main-menu","menu_style":"featured_products","featured_products_aspect_ratio":"4 \/ 5","featured_collections_aspect_ratio":"16 \/ 9","image_border_radius":0,"product_title_case":"default","collection_title_case":"default","color_scheme":"","menu_font_style":"inverse","type_font_primary_link":"primary","type_font_primary_size":"var(--font-size--body-md)","type_case_primary_link":"none","type_font_secondary_link":"secondary","type_case_secondary_link":"none","type_font_tertiary_link":"secondary","type_case_tertiary_link":"none","navigation_bar":false,"color_scheme_navigation_bar":"","drawer_accordion":false,"drawer_accordion_expand_first":false,"drawer_dividers":false},"blocks":{}}},"settings":{"logo_position":"left","menu_position":"center","menu_row":"top","show_search":true,"search_position":"right","search_row":"top","show_country":true,"country_selector_style":true,"show_language":true,"localization_font":"body","localization_font_size":"0.875rem","localization_position":"right","localization_row":"top","section_width":"page-width","section_height":"standard","enable_sticky_header":"scroll-up","divider_width":0,"divider_size":"page-width","border_width":0,"color_scheme_top":"scheme-5","color_scheme_bottom":"","color_scheme_transparent":"scheme-6","enable_transparent_header_home":true,"home_color_scheme":"inverse","enable_transparent_header_product":false,"product_color_scheme":"default","enable_transparent_header_collection":false,"collection_color_scheme":"default"}}},"order":["header_announcements_WbCTVz","header_section"]}