{"sections":{"hero_iLBwPd":{"type":"hero","blocks":{"group_mATTUY":{"type":"group","name":"t:names.group","settings":{"link":"","open_in_new_tab":false,"content_direction":"row","vertical_on_mobile":true,"horizontal_alignment":"flex-start","vertical_alignment":"flex-end","align_baseline":true,"horizontal_alignment_flex_direction_column":"flex-start","vertical_alignment_flex_direction_column":"center","gap":12,"width":"fill","custom_width":100,"width_mobile":"fill","custom_width_mobile":100,"height":"fit","custom_height":100,"inherit_color_scheme":true,"color_scheme":"","background_media":"none","video_position":"cover","background_image_position":"cover","border":"none","border_width":1,"border_opacity":100,"border_radius":0,"placeholder":"","toggle_overlay":false,"overlay_color":"#00000026","overlay_style":"solid","gradient_direction":"to top","padding-block-start":0,"padding-block-end":0,"padding-inline-start":0,"padding-inline-end":0},"blocks":{"group_U86Qji":{"type":"group","name":"t:names.group","settings":{"link":"","open_in_new_tab":false,"content_direction":"column","vertical_on_mobile":true,"horizontal_alignment":"flex-start","vertical_alignment":"center","align_baseline":false,"horizontal_alignment_flex_direction_column":"flex-start","vertical_alignment_flex_direction_column":"center","gap":0,"width":"custom","custom_width":100,"width_mobile":"fill","custom_width_mobile":100,"height":"fit","custom_height":100,"inherit_color_scheme":true,"color_scheme":"","background_media":"none","video_position":"cover","background_image_position":"cover","border":"none","border_width":1,"border_opacity":100,"border_radius":0,"placeholder":"","toggle_overlay":false,"overlay_color":"#00000026","overlay_style":"solid","gradient_direction":"to top","padding-block-start":0,"padding-block-end":0,"padding-inline-start":0,"padding-inline-end":0},"blocks":{"text_nptTQe":{"type":"text","name":"Heading","disabled":true,"settings":{"text":"<h2><em>Introducing<\/em><\/h2>","width":"100%","max_width":"normal","alignment":"left","type_preset":"custom","font":"var(--font-accent--family)","font_size":"1.5rem","line_height":"normal","letter_spacing":"normal","case":"none","wrap":"pretty","color":"","background":false,"background_color":"#00000026","corner_radius":0,"padding-block-start":0,"padding-block-end":0,"padding-inline-start":0,"padding-inline-end":0},"blocks":{}},"text_m9AcWC":{"type":"text","disabled":true,"settings":{"text":"<h1>Hawaii Maker Space<\/h1>","width":"100%","max_width":"normal","alignment":"left","type_preset":"h1","font":"var(--font-primary--family)","font_size":"","line_height":"normal","letter_spacing":"normal","case":"none","wrap":"pretty","color":"","background":false,"background_color":"#00000026","corner_radius":0,"padding-block-start":0,"padding-block-end":0,"padding-inline-start":0,"padding-inline-end":0},"blocks":{}},"text_dUQDdr":{"type":"text","name":"t:names.text","settings":{"text":"<p>Create, Learn & Make in Honolulu<\/p>","width":"fit-content","max_width":"normal","alignment":"left","type_preset":"h2","font":"var(--font-body--family)","font_size":"1rem","line_height":"normal","letter_spacing":"normal","case":"none","wrap":"pretty","color":"var(--color-foreground)","background":false,"background_color":"#00000026","corner_radius":0,"padding-block-start":0,"padding-block-end":0,"padding-inline-start":0,"padding-inline-end":0},"blocks":{}},"spacer_ffPfwa":{"type":"spacer","name":"t:names.spacer","settings":{"size":"pixel","percent_size":100,"pixel_size":20,"custom_mobile_size":false,"size_mobile":"percent","percent_size_mobile":100,"pixel_size_mobile":120},"blocks":{}},"jumbo_text_d87JCx":{"type":"jumbo-text","name":"t:names.jumbo_text","settings":{"text":"Hawaii Maker Space","font":"heading","alignment":"left","line_height":"0.8","letter_spacing":"normal","case":"none","text_effect":"none","animation_repeat":false},"blocks":{}},"spacer_kC8Jww":{"type":"spacer","name":"t:names.spacer","settings":{"size":"pixel","percent_size":100,"pixel_size":20,"custom_mobile_size":false,"size_mobile":"percent","percent_size_mobile":100,"pixel_size_mobile":120},"blocks":{}},"button_DFrgN7":{"type":"button","name":"t:names.button","settings":{"label":"Join a Workshop","link":"shopify:\/\/collections\/all","open_in_new_tab":false,"style_class":"button","width":"fit-content","custom_width":100,"width_mobile":"fit-content","custom_width_mobile":100},"blocks":{}},"spacer_84F9Pq":{"type":"spacer","name":"t:names.spacer","settings":{"size":"pixel","percent_size":100,"pixel_size":12,"custom_mobile_size":false,"size_mobile":"percent","percent_size_mobile":100,"pixel_size_mobile":120},"blocks":{}},"button_wqBj46":{"type":"button","name":"t:names.button","settings":{"label":"Choose a Subscription","link":"shopify:\/\/collections\/all","open_in_new_tab":false,"style_class":"button","width":"fit-content","custom_width":100,"width_mobile":"fit-content","custom_width_mobile":100},"blocks":{}}},"block_order":["text_nptTQe","text_m9AcWC","text_dUQDdr","spacer_ffPfwa","jumbo_text_d87JCx","spacer_kC8Jww","button_DFrgN7","spacer_84F9Pq","button_wqBj46"]},"text_ebNxhf":{"type":"text","name":"Text","disabled":true,"settings":{"text":"<p>Your creative hub in Chinatown, Honolulu.<br\/><br\/>Learn, build, and take home unique handmade keepsakes with the help of cutting-edge technology.<\/p>","width":"fit-content","max_width":"none","alignment":"left","type_preset":"custom","font":"var(--font-primary--family)","font_size":"","line_height":"normal","letter_spacing":"normal","case":"none","wrap":"pretty","color":"","background":false,"background_color":"#00000026","corner_radius":0,"padding-block-start":0,"padding-block-end":0,"padding-inline-start":0,"padding-inline-end":0},"blocks":{}}},"block_order":["group_U86Qji","text_ebNxhf"]}},"block_order":["group_mATTUY"],"name":"t:names.hero","settings":{"media_type_1":"video","image_1":"shopify:\/\/shop_images\/maker-studio2.jpg","video_1":"shopify:\/\/files\/videos\/Hawaii-3d-printing.mov","media_type_2":"image","link":"","open_in_new_tab":false,"content_direction":"column","vertical_on_mobile":true,"horizontal_alignment":"flex-start","vertical_alignment":"center","align_baseline":false,"horizontal_alignment_flex_direction_column":"flex-start","vertical_alignment_flex_direction_column":"center","gap":16,"section_width":"page-width","section_height":"large","section_height_custom":50,"color_scheme":"scheme-5","toggle_overlay":true,"overlay_color":"#00000072","overlay_style":"solid","gradient_direction":"to top","blurred_reflection":false,"reflection_opacity":75,"padding-block-start":0,"padding-block-end":31}},"product_list_EDUBdR":{"type":"product-list","blocks":{"static-header":{"type":"_product-list-content","static":true,"settings":{"content_direction":"column","vertical_on_mobile":true,"horizontal_alignment":"flex-start","vertical_alignment":"center","align_baseline":false,"horizontal_alignment_flex_direction_column":"center","vertical_alignment_flex_direction_column":"center","gap":12,"width":"fill","custom_width":100,"width_mobile":"fill","custom_width_mobile":100,"height":"fit","custom_height":100,"inherit_color_scheme":true,"color_scheme":"","background_media":"none","video_position":"cover","background_image_position":"cover","border":"none","border_width":1,"border_opacity":100,"border_radius":0,"padding-block-start":0,"padding-block-end":0,"padding-inline-start":0,"padding-inline-end":0},"blocks":{"product_list_text_qK4EWG":{"type":"_product-list-text","name":"t:names.collection_title","settings":{"text":"<h2>🔧 What We Have at Hawaii Maker Space<\/h2>","width":"fit-content","max_width":"normal","alignment":"left","type_preset":"h2","font":"var(--font-primary--family)","font_size":"","line_height":"normal","letter_spacing":"normal","case":"none","wrap":"pretty","color":"","background":false,"background_color":"#00000026","corner_radius":0,"padding-block-start":0,"padding-block-end":0,"padding-inline-start":0,"padding-inline-end":0},"blocks":{}},"text_yDgm8m":{"type":"text","name":"t:names.text","settings":{"text":"<p>At our Honolulu studio, we combine <strong>cutting-edge machines<\/strong> with <strong>hands-on creativity<\/strong>. Guests don’t use the machines themselves — instead, we prep all the high-tech work so you can jump straight into the fun part: <strong>finishing, assembling, and personalizing your project<\/strong>.<\/p>","width":"100%","max_width":"normal","alignment":"center","type_preset":"rte","font":"var(--font-body--family)","font_size":"1rem","line_height":"normal","letter_spacing":"normal","case":"none","wrap":"pretty","color":"var(--color-foreground)","background":false,"background_color":"#00000026","corner_radius":0,"padding-block-start":0,"padding-block-end":0,"padding-inline-start":0,"padding-inline-end":0},"blocks":{}}},"block_order":["product_list_text_qK4EWG","text_yDgm8m"]},"static-product-card":{"type":"_product-card","name":"t:names.product_card","disabled":true,"static":true,"settings":{"product_card_gap":0,"inherit_color_scheme":false,"color_scheme":"scheme-2","border":"none","border_width":1,"border_opacity":100,"border_radius":10,"padding-block-start":0,"padding-block-end":0,"padding-inline-start":0,"padding-inline-end":0},"blocks":{"product_card_gallery_hpki3q":{"type":"_product-card-gallery","name":"t:names.product_card_media","settings":{"image_ratio":"square","border":"none","border_width":1,"border_opacity":100,"border_radius":0,"padding-block-start":0,"padding-block-end":0,"padding-inline-start":0,"padding-inline-end":0},"blocks":{}},"group_jHUdWN":{"type":"_product-card-group","name":"t:names.group","settings":{"link":"","open_in_new_tab":false,"content_direction":"column","vertical_on_mobile":true,"horizontal_alignment":"flex-start","vertical_alignment":"center","align_baseline":false,"horizontal_alignment_flex_direction_column":"flex-start","vertical_alignment_flex_direction_column":"center","gap":4,"width":"fill","custom_width":100,"width_mobile":"fill","custom_width_mobile":100,"height":"fit","custom_height":100,"inherit_color_scheme":true,"color_scheme":"","background_media":"none","video_position":"cover","background_image_position":"cover","border":"none","border_width":1,"border_opacity":100,"border_radius":0,"toggle_overlay":false,"overlay_color":"#00000026","overlay_style":"solid","gradient_direction":"to top","padding-block-start":24,"padding-block-end":24,"padding-inline-start":24,"padding-inline-end":24},"blocks":{"product_title_gH3cpy":{"type":"product-title","name":"t:names.product_title","settings":{"width":"fit-content","max_width":"normal","alignment":"left","type_preset":"paragraph","font":"var(--font-body--family)","font_size":"1rem","line_height":"normal","letter_spacing":"normal","case":"none","wrap":"pretty","color":"var(--color-foreground)","background":false,"background_color":"#00000026","corner_radius":0,"padding-block-start":0,"padding-block-end":0,"padding-inline-start":0,"padding-inline-end":0},"blocks":{}},"price_anAima":{"type":"price","name":"t:names.product_price","settings":{"show_sale_price_first":true,"show_installments":false,"show_tax_info":false,"type_preset":"paragraph","width":"100%","alignment":"left","font":"var(--font-body--family)","font_size":"1rem","line_height":"normal","letter_spacing":"normal","case":"none","color":"var(--color-foreground)","padding-block-start":0,"padding-block-end":0,"padding-inline-start":0,"padding-inline-end":0},"blocks":{}},"swatches_eYcKAz":{"type":"swatches","name":"t:names.swatches","settings":{"product_swatches_alignment":"flex-start","product_swatches_alignment_mobile":"flex-start","hide_padding":false,"product_swatches_padding_top":4,"product_swatches_padding_bottom":0,"product_swatches_padding_left":0,"product_swatches_padding_right":0},"blocks":{}}},"block_order":["product_title_gH3cpy","price_anAima","swatches_eYcKAz"]}},"block_order":["product_card_gallery_hpki3q","group_jHUdWN"]}},"disabled":true,"name":"Featured collection","settings":{"collection":"all","layout_type":"grid","carousel_on_mobile":false,"max_products":8,"columns":4,"mobile_columns":"2","mobile_card_size":"60cqw","columns_gap":12,"rows_gap":12,"icons_style":"arrow","icons_shape":"none","section_width":"page-width","horizontal_alignment":"flex-start","gap":28,"color_scheme":"scheme-1","padding-block-start":48,"padding-block-end":64}},"media_with_content_LfPdEJ":{"type":"media-with-content","blocks":{"media":{"type":"_media-without-appearance","static":true,"settings":{"media_type":"video","link":"","video_loop":true,"video_autoplay":true,"image_position":"cover","video_position":"cover"},"blocks":{}},"content":{"type":"_content-without-appearance","static":true,"settings":{"horizontal_alignment_flex_direction_column":"center","vertical_alignment_flex_direction_column":"center","gap":24},"blocks":{"image_y4ApqF":{"type":"image","name":"t:names.image","settings":{"link":"","image_ratio":"adapt","width":"fill","custom_width":100,"width_mobile":"fill","custom_width_mobile":100,"height":"fit","border":"none","border_width":1,"border_opacity":100,"border_radius":0,"padding-block-start":0,"padding-block-end":0,"padding-inline-start":0,"padding-inline-end":0},"blocks":{}},"text_Hf79zK":{"type":"text","name":"t:names.heading","settings":{"text":"<h2>Productivity Essentials<\/h2>","width":"fit-content","max_width":"normal","alignment":"left","type_preset":"h3","font":"var(--font-primary--family)","font_size":"","line_height":"normal","letter_spacing":"normal","case":"none","wrap":"pretty","color":"","background":false,"background_color":"#00000026","corner_radius":0,"padding-block-start":0,"padding-block-end":0,"padding-inline-start":0,"padding-inline-end":0},"blocks":{}},"text_jxGhdJ":{"type":"text","settings":{"text":"<p>Objects that partner with your digital tools so you can focus on your most important work.<\/p>","width":"fit-content","max_width":"narrow","alignment":"left","type_preset":"rte","font":"var(--font-primary--family)","font_size":"","line_height":"normal","letter_spacing":"normal","case":"none","wrap":"pretty","color":"","background":false,"background_color":"#00000026","corner_radius":0,"padding-block-start":0,"padding-block-end":0,"padding-inline-start":0,"padding-inline-end":0},"blocks":{}},"button_zg4nUF":{"type":"button","settings":{"label":"Shop Now","link":"shopify:\/\/collections\/all","open_in_new_tab":false,"style_class":"button","width":"fit-content","custom_width":100,"width_mobile":"fit-content","custom_width_mobile":100},"blocks":{}}},"block_order":["image_y4ApqF","text_Hf79zK","text_jxGhdJ","button_zg4nUF"]}},"disabled":true,"name":"t:names.media_with_text","settings":{"media_position":"left","media_width":"medium","media_height":"50svh","section_width":"page-width","extend_media":true,"color_scheme":"scheme-41dbb9c3-0866-4036-9494-aa0e1c1cedda","padding-block-start":0,"padding-block-end":0}},"collection_list_xpBxCm":{"type":"collection-list","blocks":{"group_mfTd9p":{"type":"group","name":"t:names.header","settings":{"link":"","open_in_new_tab":false,"content_direction":"column","vertical_on_mobile":true,"horizontal_alignment":"flex-start","vertical_alignment":"center","align_baseline":false,"horizontal_alignment_flex_direction_column":"center","vertical_alignment_flex_direction_column":"center","gap":16,"width":"fill","custom_width":100,"width_mobile":"fill","custom_width_mobile":100,"height":"fit","custom_height":100,"inherit_color_scheme":true,"color_scheme":"","background_media":"none","video_position":"cover","background_image_position":"cover","border":"none","border_width":1,"border_opacity":100,"border_radius":0,"placeholder":"","toggle_overlay":false,"overlay_color":"#00000026","overlay_style":"solid","gradient_direction":"to top","padding-block-start":0,"padding-block-end":16,"padding-inline-start":0,"padding-inline-end":0},"blocks":{"text_AYrwfM":{"type":"text","name":"t:names.text","settings":{"text":"<h2>Shop by Collection<\/h2>","width":"fit-content","max_width":"normal","alignment":"left","type_preset":"h2","font":"var(--font-body--family)","font_size":"1rem","line_height":"normal","letter_spacing":"normal","case":"none","wrap":"pretty","color":"","background":false,"background_color":"#00000026","corner_radius":0,"padding-block-start":0,"padding-block-end":0,"padding-inline-start":0,"padding-inline-end":0},"blocks":{}}},"block_order":["text_AYrwfM"]},"static-collection-card":{"type":"_collection-card","name":"t:names.collection_card","static":true,"settings":{"placement":"on_image","horizontal_alignment":"flex-start","vertical_alignment":"flex-start","collection_card_gap":8,"inherit_color_scheme":true,"color_scheme":"scheme-6","border":"none","border_width":1,"border_opacity":100,"border_radius":10},"blocks":{"collection_title_zyBdAJ":{"type":"collection-title","name":"t:names.collection_title","settings":{"width":"fit-content","max_width":"normal","alignment":"left","type_preset":"h5","font":"var(--font-body--family)","font_size":"1rem","line_height":"normal","letter_spacing":"normal","case":"none","wrap":"pretty","color":"var(--color-foreground)","background":false,"background_color":"#00000026","corner_radius":0,"padding-block-start":0,"padding-block-end":0,"padding-inline-start":0,"padding-inline-end":0},"blocks":{}},"collection-card-image":{"type":"_collection-card-image","static":true,"settings":{"image_ratio":"portrait","toggle_overlay":false,"overlay_color":"#00000026","overlay_style":"solid","gradient_direction":"to top","border":"none","border_width":1,"border_opacity":100,"border_radius":0},"blocks":{}}},"block_order":["collection_title_zyBdAJ"]}},"block_order":["group_mfTd9p"],"disabled":true,"name":"Collection list","settings":{"collection_list":[],"layout_type":"bento","carousel_on_mobile":true,"columns":4,"mobile_columns":"2","mobile_card_size":"60cqw","columns_gap":16,"bento_gap":12,"rows_gap":16,"max_collections":4,"icons_style":"arrow","icons_shape":"none","section_width":"page-width","gap":12,"color_scheme":"","padding-block-start":48,"padding-block-end":64}},"media_with_content_bmYxrf":{"type":"media-with-content","blocks":{"media":{"type":"_media-without-appearance","static":true,"settings":{"media_type":"image","image":"shopify:\/\/shop_images\/225MakersKathrynHunter_022_COLOR.jpg","link":"","video_loop":true,"video_autoplay":false,"image_position":"cover","video_position":"cover"},"blocks":{}},"content":{"type":"_content-without-appearance","static":true,"settings":{"horizontal_alignment_flex_direction_column":"flex-start","vertical_alignment_flex_direction_column":"flex-end","gap":24},"blocks":{"jumbo_text_pbaaCj":{"type":"jumbo-text","name":"t:names.jumbo_text","settings":{"text":"What\nWe\nHave in\nMaker\nStudio","font":"subheading","alignment":"right","line_height":"0.8","letter_spacing":"-0.03em","case":"uppercase","text_effect":"none","animation_repeat":false},"blocks":{}}},"block_order":["jumbo_text_pbaaCj"]}},"name":"t:names.editorial_jumbo_text","settings":{"media_position":"right","media_width":"medium","media_height":"60svh","section_width":"full-width","extend_media":true,"color_scheme":"scheme-1","padding-block-start":40,"padding-block-end":0}},"section_FEjjaz":{"type":"section","blocks":{"image_czULTk":{"type":"image","settings":{"image":"shopify:\/\/shop_images\/xtool_p2s.jpg","link":"","image_ratio":"adapt","width":"fill","custom_width":100,"width_mobile":"fill","custom_width_mobile":100,"height":"fit","border":"none","border_width":1,"border_opacity":100,"border_radius":20,"padding-block-start":0,"padding-block-end":0,"padding-inline-start":0,"padding-inline-end":0},"blocks":{}},"group_eVPJKf":{"type":"group","settings":{"link":"","open_in_new_tab":false,"content_direction":"column","vertical_on_mobile":true,"horizontal_alignment":"flex-start","vertical_alignment":"center","align_baseline":false,"horizontal_alignment_flex_direction_column":"flex-start","vertical_alignment_flex_direction_column":"center","gap":12,"width":"custom","custom_width":100,"width_mobile":"fill","custom_width_mobile":100,"height":"fit","custom_height":100,"inherit_color_scheme":true,"color_scheme":"","background_media":"none","video_position":"cover","background_image_position":"cover","border":"none","border_width":1,"border_opacity":100,"border_radius":0,"placeholder":"","toggle_overlay":false,"overlay_color":"#00000026","overlay_style":"solid","gradient_direction":"to top","padding-block-start":0,"padding-block-end":0,"padding-inline-start":0,"padding-inline-end":0},"blocks":{"text_HjTykj":{"type":"text","name":"t:names.heading","settings":{"text":"<p>xTool P2S – Laser Cutting & Engraving<\/p>","width":"fit-content","max_width":"normal","alignment":"left","type_preset":"h4","font":"var(--font-body--family)","font_size":"1rem","line_height":"normal","letter_spacing":"normal","case":"none","wrap":"pretty","color":"var(--color-foreground-heading)","background":false,"background_color":"#00000026","corner_radius":0,"padding-block-start":0,"padding-block-end":0,"padding-inline-start":0,"padding-inline-end":0},"blocks":{}},"text_pyJcEy":{"type":"text","settings":{"text":"<ul><li>High-precision laser for cutting wood, acrylic, and layered designs<\/li><li>Creates bases for <strong>maps, ornaments, wall art, coasters<\/strong><\/li><li>Produces clean, professional engraving details<\/li><\/ul>","width":"fit-content","max_width":"narrow","alignment":"left","type_preset":"rte","font":"var(--font-body--family)","font_size":"1rem","line_height":"normal","letter_spacing":"normal","case":"none","wrap":"pretty","color":"var(--color-foreground)","background":false,"background_color":"#00000026","corner_radius":0,"padding-block-start":0,"padding-block-end":0,"padding-inline-start":0,"padding-inline-end":0},"blocks":{}},"group_FnLanb":{"type":"group","name":"t:names.group","settings":{"link":"","open_in_new_tab":false,"content_direction":"row","vertical_on_mobile":true,"horizontal_alignment":"flex-start","vertical_alignment":"center","align_baseline":false,"horizontal_alignment_flex_direction_column":"flex-start","vertical_alignment_flex_direction_column":"center","gap":12,"width":"fill","custom_width":100,"width_mobile":"fill","custom_width_mobile":100,"height":"fit","custom_height":100,"inherit_color_scheme":true,"color_scheme":"","background_media":"none","video_position":"cover","background_image_position":"cover","border":"none","border_width":1,"border_opacity":100,"border_radius":0,"placeholder":"","toggle_overlay":false,"overlay_color":"#00000026","overlay_style":"solid","gradient_direction":"to top","padding-block-start":0,"padding-block-end":0,"padding-inline-start":0,"padding-inline-end":0},"blocks":{"button_YbVC4i":{"type":"button","settings":{"label":"Book Classes","link":"shopify:\/\/collections\/all","open_in_new_tab":false,"style_class":"button-secondary","width":"fit-content","custom_width":100,"width_mobile":"fit-content","custom_width_mobile":100},"blocks":{}},"button_pDHczJ":{"type":"button","name":"t:names.button","settings":{"label":"Rent xTool P2S","link":"shopify:\/\/collections\/all","open_in_new_tab":false,"style_class":"button","width":"fit-content","custom_width":100,"width_mobile":"fit-content","custom_width_mobile":100},"blocks":{}}},"block_order":["button_YbVC4i","button_pDHczJ"]}},"block_order":["text_HjTykj","text_pyJcEy","group_FnLanb"]}},"block_order":["image_czULTk","group_eVPJKf"],"name":"t:names.image_with_text","settings":{"content_direction":"row","vertical_on_mobile":true,"horizontal_alignment":"flex-start","vertical_alignment":"center","align_baseline":false,"horizontal_alignment_flex_direction_column":"flex-start","vertical_alignment_flex_direction_column":"center","gap":32,"section_width":"page-width","section_height":"","section_height_custom":50,"color_scheme":"","background_media":"none","video_position":"cover","background_image_position":"cover","border":"none","border_width":1,"border_opacity":100,"border_radius":0,"toggle_overlay":false,"overlay_color":"#00000026","overlay_style":"solid","gradient_direction":"to top","padding-block-start":40,"padding-block-end":40}},"section_hzLqbL":{"type":"section","blocks":{"video_fqrdNi":{"type":"video","name":"t:names.video","settings":{"source":"uploaded","video":"shopify:\/\/files\/videos\/hawaii laser cutter and engraver.mov","video_autoplay":true,"video_loop":true,"alt":"","custom_width":100,"custom_width_mobile":100,"aspect_ratio":"16\/9","border":"none","border_width":1,"border_opacity":100,"border_radius":20,"padding-block-start":0,"padding-block-end":0,"padding-inline-start":0,"padding-inline-end":0},"blocks":{}},"text_rMPxny":{"type":"text","name":"t:names.heading","settings":{"text":"<h4>Cut and engrave a wide range of materials including wood, acrylic, leather, paper, and select metals.<\/h4>","width":"100%","max_width":"none","alignment":"left","type_preset":"h4","font":"var(--font-body--family)","font_size":"1rem","line_height":"normal","letter_spacing":"normal","case":"none","wrap":"pretty","color":"var(--color-foreground)","background":false,"background_color":"#00000026","corner_radius":0,"padding-block-start":0,"padding-block-end":0,"padding-inline-start":0,"padding-inline-end":0},"blocks":{}}},"block_order":["video_fqrdNi","text_rMPxny"],"name":"t:names.video_section","settings":{"content_direction":"column","vertical_on_mobile":true,"horizontal_alignment":"flex-start","vertical_alignment":"center","align_baseline":false,"horizontal_alignment_flex_direction_column":"flex-start","vertical_alignment_flex_direction_column":"center","gap":16,"section_width":"page-width","section_height":"","section_height_custom":50,"color_scheme":"","background_media":"none","video_position":"cover","background_image_position":"cover","border":"none","border_width":1,"border_opacity":100,"border_radius":0,"toggle_overlay":false,"overlay_color":"#00000026","overlay_style":"solid","gradient_direction":"to top","padding-block-start":32,"padding-block-end":32}},"section_wAqMnQ":{"type":"section","blocks":{"image_iDYfXX":{"type":"image","settings":{"image":"shopify:\/\/shop_images\/laser_pecker_lp5_hawaii.jpg","link":"","image_ratio":"square","width":"fill","custom_width":100,"width_mobile":"fill","custom_width_mobile":100,"height":"fit","border":"none","border_width":1,"border_opacity":100,"border_radius":20,"padding-block-start":0,"padding-block-end":0,"padding-inline-start":0,"padding-inline-end":0},"blocks":{}},"group_PD4NW8":{"type":"group","settings":{"link":"","open_in_new_tab":false,"content_direction":"column","vertical_on_mobile":true,"horizontal_alignment":"flex-start","vertical_alignment":"center","align_baseline":false,"horizontal_alignment_flex_direction_column":"flex-start","vertical_alignment_flex_direction_column":"center","gap":12,"width":"custom","custom_width":100,"width_mobile":"fill","custom_width_mobile":100,"height":"fit","custom_height":100,"inherit_color_scheme":true,"color_scheme":"","background_media":"none","video_position":"cover","background_image_position":"cover","border":"none","border_width":1,"border_opacity":100,"border_radius":0,"placeholder":"","toggle_overlay":false,"overlay_color":"#00000026","overlay_style":"solid","gradient_direction":"to top","padding-block-start":0,"padding-block-end":0,"padding-inline-start":0,"padding-inline-end":0},"blocks":{"text_WhYBr6":{"type":"text","name":"t:names.heading","settings":{"text":"<h3>xTool LP5 – Portable Laser Engraver<\/h3>","width":"fit-content","max_width":"normal","alignment":"left","type_preset":"h3","font":"var(--font-body--family)","font_size":"1rem","line_height":"normal","letter_spacing":"normal","case":"none","wrap":"pretty","color":"var(--color-foreground)","background":false,"background_color":"#00000026","corner_radius":0,"padding-block-start":0,"padding-block-end":0,"padding-inline-start":0,"padding-inline-end":0},"blocks":{}},"text_Gar7X6":{"type":"text","settings":{"text":"<p>A smaller, flexible engraver for detailed personalization on flat items.<\/p><ul><li><strong>Custom keychains and luggage tags<\/strong> engraved with names or dates<\/li><li><strong>Engraved coasters<\/strong> with surf, wave, or floral patterns<\/li><li><strong>Personalized keepsake boxes<\/strong> for jewelry or small treasures<\/li><\/ul>","width":"fit-content","max_width":"narrow","alignment":"left","type_preset":"rte","font":"var(--font-body--family)","font_size":"1rem","line_height":"normal","letter_spacing":"normal","case":"none","wrap":"pretty","color":"var(--color-foreground)","background":false,"background_color":"#00000026","corner_radius":0,"padding-block-start":0,"padding-block-end":0,"padding-inline-start":0,"padding-inline-end":0},"blocks":{}},"group_tJEBxH":{"type":"group","name":"t:names.group","settings":{"link":"","open_in_new_tab":false,"content_direction":"row","vertical_on_mobile":true,"horizontal_alignment":"flex-start","vertical_alignment":"center","align_baseline":false,"horizontal_alignment_flex_direction_column":"flex-start","vertical_alignment_flex_direction_column":"center","gap":12,"width":"fill","custom_width":100,"width_mobile":"fill","custom_width_mobile":100,"height":"fit","custom_height":100,"inherit_color_scheme":true,"color_scheme":"","background_media":"none","video_position":"cover","background_image_position":"cover","border":"none","border_width":1,"border_opacity":100,"border_radius":0,"placeholder":"","toggle_overlay":false,"overlay_color":"#00000026","overlay_style":"solid","gradient_direction":"to top","padding-block-start":0,"padding-block-end":0,"padding-inline-start":0,"padding-inline-end":0},"blocks":{"button_mE48iw":{"type":"button","settings":{"label":"Book Classes","link":"shopify:\/\/collections\/all","open_in_new_tab":false,"style_class":"button-secondary","width":"fit-content","custom_width":100,"width_mobile":"fit-content","custom_width_mobile":100},"blocks":{}},"button_8Ga8Hd":{"type":"button","name":"t:names.button","settings":{"label":"Rent xTool LP 5","link":"shopify:\/\/collections\/all","open_in_new_tab":false,"style_class":"button","width":"fit-content","custom_width":100,"width_mobile":"fit-content","custom_width_mobile":100},"blocks":{}}},"block_order":["button_mE48iw","button_8Ga8Hd"]}},"block_order":["text_WhYBr6","text_Gar7X6","group_tJEBxH"]}},"block_order":["image_iDYfXX","group_PD4NW8"],"name":"t:names.image_with_text","settings":{"content_direction":"row","vertical_on_mobile":true,"horizontal_alignment":"flex-start","vertical_alignment":"center","align_baseline":false,"horizontal_alignment_flex_direction_column":"flex-start","vertical_alignment_flex_direction_column":"center","gap":32,"section_width":"page-width","section_height":"","section_height_custom":50,"color_scheme":"","background_media":"none","video_position":"cover","background_image_position":"cover","border":"none","border_width":1,"border_opacity":100,"border_radius":0,"toggle_overlay":false,"overlay_color":"#00000026","overlay_style":"solid","gradient_direction":"to top","padding-block-start":40,"padding-block-end":40}},"section_xfFJnc":{"type":"section","blocks":{"image_w7xwmE":{"type":"image","settings":{"image":"shopify:\/\/shop_images\/rental_3d_printer_hawaii.png","link":"","image_ratio":"square","width":"fill","custom_width":100,"width_mobile":"fill","custom_width_mobile":100,"height":"fit","border":"none","border_width":1,"border_opacity":100,"border_radius":20,"padding-block-start":0,"padding-block-end":0,"padding-inline-start":0,"padding-inline-end":0},"blocks":{}},"group_BqtHWb":{"type":"group","settings":{"link":"","open_in_new_tab":false,"content_direction":"column","vertical_on_mobile":true,"horizontal_alignment":"flex-start","vertical_alignment":"center","align_baseline":false,"horizontal_alignment_flex_direction_column":"flex-start","vertical_alignment_flex_direction_column":"center","gap":12,"width":"custom","custom_width":100,"width_mobile":"fill","custom_width_mobile":100,"height":"fit","custom_height":100,"inherit_color_scheme":true,"color_scheme":"","background_media":"none","video_position":"cover","background_image_position":"cover","border":"none","border_width":1,"border_opacity":100,"border_radius":0,"placeholder":"","toggle_overlay":false,"overlay_color":"#00000026","overlay_style":"solid","gradient_direction":"to top","padding-block-start":0,"padding-block-end":0,"padding-inline-start":0,"padding-inline-end":0},"blocks":{"text_Fwp8JX":{"type":"text","name":"t:names.heading","settings":{"text":"<p>Bambu Lab X1E – 3D Printer<\/p>","width":"fit-content","max_width":"normal","alignment":"left","type_preset":"h3","font":"var(--font-body--family)","font_size":"1rem","line_height":"normal","letter_spacing":"normal","case":"none","wrap":"pretty","color":"var(--color-foreground)","background":false,"background_color":"#00000026","corner_radius":0,"padding-block-start":0,"padding-block-end":0,"padding-inline-start":0,"padding-inline-end":0},"blocks":{}},"text_A3tg9p":{"type":"text","settings":{"text":"<p>A high-precision 3D printer that builds objects layer by layer.<\/p>","width":"fit-content","max_width":"narrow","alignment":"left","type_preset":"rte","font":"var(--font-body--family)","font_size":"1rem","line_height":"normal","letter_spacing":"normal","case":"none","wrap":"pretty","color":"var(--color-foreground)","background":false,"background_color":"#00000026","corner_radius":0,"padding-block-start":0,"padding-block-end":0,"padding-inline-start":0,"padding-inline-end":0},"blocks":{}},"group_paQXrK":{"type":"group","name":"t:names.group","settings":{"link":"","open_in_new_tab":false,"content_direction":"row","vertical_on_mobile":true,"horizontal_alignment":"flex-start","vertical_alignment":"center","align_baseline":false,"horizontal_alignment_flex_direction_column":"flex-start","vertical_alignment_flex_direction_column":"center","gap":12,"width":"fill","custom_width":100,"width_mobile":"fill","custom_width_mobile":100,"height":"fit","custom_height":100,"inherit_color_scheme":true,"color_scheme":"","background_media":"none","video_position":"cover","background_image_position":"cover","border":"none","border_width":1,"border_opacity":100,"border_radius":0,"placeholder":"","toggle_overlay":false,"overlay_color":"#00000026","overlay_style":"solid","gradient_direction":"to top","padding-block-start":0,"padding-block-end":0,"padding-inline-start":0,"padding-inline-end":0},"blocks":{"button_4mppGR":{"type":"button","settings":{"label":"Book Classes","link":"shopify:\/\/collections\/all","open_in_new_tab":false,"style_class":"button-secondary","width":"fit-content","custom_width":100,"width_mobile":"fit-content","custom_width_mobile":100},"blocks":{}},"button_GXy7pK":{"type":"button","name":"t:names.button","settings":{"label":"Rent Bambu Printer","link":"shopify:\/\/collections\/all","open_in_new_tab":false,"style_class":"button","width":"fit-content","custom_width":100,"width_mobile":"fit-content","custom_width_mobile":100},"blocks":{}}},"block_order":["button_4mppGR","button_GXy7pK"]}},"block_order":["text_Fwp8JX","text_A3tg9p","group_paQXrK"]}},"block_order":["image_w7xwmE","group_BqtHWb"],"name":"t:names.image_with_text","settings":{"content_direction":"row","vertical_on_mobile":true,"horizontal_alignment":"flex-start","vertical_alignment":"center","align_baseline":false,"horizontal_alignment_flex_direction_column":"flex-start","vertical_alignment_flex_direction_column":"center","gap":32,"section_width":"page-width","section_height":"","section_height_custom":50,"color_scheme":"","background_media":"none","video_position":"cover","background_image_position":"cover","border":"none","border_width":1,"border_opacity":100,"border_radius":0,"toggle_overlay":false,"overlay_color":"#00000026","overlay_style":"solid","gradient_direction":"to top","padding-block-start":40,"padding-block-end":40}},"section_MrP4VR":{"type":"section","blocks":{"image_8pj3KM":{"type":"image","settings":{"image":"shopify:\/\/shop_images\/uv_printer_rental.png","link":"","image_ratio":"adapt","width":"fill","custom_width":100,"width_mobile":"fill","custom_width_mobile":100,"height":"fit","border":"none","border_width":1,"border_opacity":100,"border_radius":0,"padding-block-start":0,"padding-block-end":0,"padding-inline-start":0,"padding-inline-end":0},"blocks":{}},"group_HHim7x":{"type":"group","settings":{"link":"","open_in_new_tab":false,"content_direction":"column","vertical_on_mobile":true,"horizontal_alignment":"flex-start","vertical_alignment":"center","align_baseline":false,"horizontal_alignment_flex_direction_column":"flex-start","vertical_alignment_flex_direction_column":"center","gap":12,"width":"custom","custom_width":100,"width_mobile":"fill","custom_width_mobile":100,"height":"fit","custom_height":100,"inherit_color_scheme":true,"color_scheme":"","background_media":"none","video_position":"cover","background_image_position":"cover","border":"none","border_width":1,"border_opacity":100,"border_radius":0,"placeholder":"","toggle_overlay":false,"overlay_color":"#00000026","overlay_style":"solid","gradient_direction":"to top","padding-block-start":0,"padding-block-end":0,"padding-inline-start":0,"padding-inline-end":0},"blocks":{"text_pkgFtV":{"type":"text","name":"t:names.heading","settings":{"text":"<p>UV Printer<\/p>","width":"fit-content","max_width":"normal","alignment":"left","type_preset":"h3","font":"var(--font-body--family)","font_size":"1rem","line_height":"normal","letter_spacing":"normal","case":"none","wrap":"pretty","color":"var(--color-foreground)","background":false,"background_color":"#00000026","corner_radius":0,"padding-block-start":0,"padding-block-end":0,"padding-inline-start":0,"padding-inline-end":0},"blocks":{}},"text_gTDQNp":{"type":"text","settings":{"text":"<p>A printer that applies full-color designs directly onto flat surfaces like acrylic, wood, and metal.<\/p><p><strong>What you can create:<\/strong><\/p><ul><li><strong>Acrylic keychains and charms<\/strong> with vibrant tropical artwork<br\/><\/li><li><strong>Custom signs and plaques<\/strong><br\/><\/li><li><strong>Layered mixed-media art<\/strong> that combines color printing with engraving<br\/><\/li><\/ul>","width":"fit-content","max_width":"narrow","alignment":"left","type_preset":"rte","font":"var(--font-body--family)","font_size":"1rem","line_height":"normal","letter_spacing":"normal","case":"none","wrap":"pretty","color":"var(--color-foreground)","background":false,"background_color":"#00000026","corner_radius":0,"padding-block-start":0,"padding-block-end":0,"padding-inline-start":0,"padding-inline-end":0},"blocks":{}},"group_7k96Xj":{"type":"group","name":"t:names.group","settings":{"link":"","open_in_new_tab":false,"content_direction":"row","vertical_on_mobile":true,"horizontal_alignment":"flex-start","vertical_alignment":"center","align_baseline":false,"horizontal_alignment_flex_direction_column":"flex-start","vertical_alignment_flex_direction_column":"center","gap":12,"width":"fill","custom_width":100,"width_mobile":"fill","custom_width_mobile":100,"height":"fit","custom_height":100,"inherit_color_scheme":true,"color_scheme":"","background_media":"none","video_position":"cover","background_image_position":"cover","border":"none","border_width":1,"border_opacity":100,"border_radius":0,"placeholder":"","toggle_overlay":false,"overlay_color":"#00000026","overlay_style":"solid","gradient_direction":"to top","padding-block-start":0,"padding-block-end":0,"padding-inline-start":0,"padding-inline-end":0},"blocks":{"button_NgfY7G":{"type":"button","name":"t:names.button","settings":{"label":"Book Class","link":"shopify:\/\/collections\/all","open_in_new_tab":false,"style_class":"button-secondary","width":"fit-content","custom_width":100,"width_mobile":"fit-content","custom_width_mobile":100},"blocks":{}},"button_3Xac7W":{"type":"button","settings":{"label":"Rent UV Printer","link":"shopify:\/\/collections\/all","open_in_new_tab":false,"style_class":"button","width":"fit-content","custom_width":100,"width_mobile":"fit-content","custom_width_mobile":100},"blocks":{}}},"block_order":["button_NgfY7G","button_3Xac7W"]}},"block_order":["text_pkgFtV","text_gTDQNp","group_7k96Xj"]}},"block_order":["image_8pj3KM","group_HHim7x"],"name":"t:names.image_with_text","settings":{"content_direction":"row","vertical_on_mobile":true,"horizontal_alignment":"flex-start","vertical_alignment":"center","align_baseline":false,"horizontal_alignment_flex_direction_column":"flex-start","vertical_alignment_flex_direction_column":"center","gap":32,"section_width":"page-width","section_height":"","section_height_custom":50,"color_scheme":"scheme-1","background_media":"none","video_position":"cover","background_image_position":"cover","border":"none","border_width":1,"border_opacity":100,"border_radius":0,"toggle_overlay":false,"overlay_color":"#00000026","overlay_style":"solid","gradient_direction":"to top","padding-block-start":40,"padding-block-end":40}},"section_VEH6QJ":{"type":"section","blocks":{"image_kHiJkT":{"type":"image","settings":{"image":"shopify:\/\/shop_images\/Brother_PE900_Embroidery_Machine.jpg","link":"","image_ratio":"square","width":"fill","custom_width":100,"width_mobile":"fill","custom_width_mobile":100,"height":"fit","border":"none","border_width":1,"border_opacity":100,"border_radius":0,"padding-block-start":0,"padding-block-end":0,"padding-inline-start":0,"padding-inline-end":0},"blocks":{}},"group_AQCweY":{"type":"group","settings":{"link":"","open_in_new_tab":false,"content_direction":"column","vertical_on_mobile":true,"horizontal_alignment":"flex-start","vertical_alignment":"center","align_baseline":false,"horizontal_alignment_flex_direction_column":"flex-start","vertical_alignment_flex_direction_column":"center","gap":12,"width":"custom","custom_width":100,"width_mobile":"fill","custom_width_mobile":100,"height":"fit","custom_height":100,"inherit_color_scheme":true,"color_scheme":"","background_media":"none","video_position":"cover","background_image_position":"cover","border":"none","border_width":1,"border_opacity":100,"border_radius":0,"placeholder":"","toggle_overlay":false,"overlay_color":"#00000026","overlay_style":"solid","gradient_direction":"to top","padding-block-start":0,"padding-block-end":0,"padding-inline-start":0,"padding-inline-end":0},"blocks":{"text_qcQU4i":{"type":"text","name":"t:names.heading","settings":{"text":"<p>Brother PE900 – Embroidery Machine<\/p>","width":"fit-content","max_width":"normal","alignment":"left","type_preset":"h3","font":"var(--font-body--family)","font_size":"1rem","line_height":"normal","letter_spacing":"normal","case":"none","wrap":"pretty","color":"var(--color-foreground)","background":false,"background_color":"#00000026","corner_radius":0,"padding-block-start":0,"padding-block-end":0,"padding-inline-start":0,"padding-inline-end":0},"blocks":{}},"text_8iPpPL":{"type":"text","settings":{"text":"<p>Finish embroidered tote bags, zipper pouches, and fabric patches stitched with Hawaiian motifs like monstera leaves, hibiscus flowers, and surf icons.<\/p>","width":"fit-content","max_width":"narrow","alignment":"left","type_preset":"rte","font":"var(--font-body--family)","font_size":"1rem","line_height":"normal","letter_spacing":"normal","case":"none","wrap":"pretty","color":"var(--color-foreground)","background":false,"background_color":"#00000026","corner_radius":0,"padding-block-start":0,"padding-block-end":0,"padding-inline-start":0,"padding-inline-end":0},"blocks":{}},"group_yVckhd":{"type":"group","name":"t:names.group","settings":{"link":"","open_in_new_tab":false,"content_direction":"row","vertical_on_mobile":true,"horizontal_alignment":"flex-start","vertical_alignment":"center","align_baseline":false,"horizontal_alignment_flex_direction_column":"flex-start","vertical_alignment_flex_direction_column":"center","gap":12,"width":"fill","custom_width":100,"width_mobile":"fill","custom_width_mobile":100,"height":"fit","custom_height":100,"inherit_color_scheme":true,"color_scheme":"","background_media":"none","video_position":"cover","background_image_position":"cover","border":"none","border_width":1,"border_opacity":100,"border_radius":0,"placeholder":"","toggle_overlay":false,"overlay_color":"#00000026","overlay_style":"solid","gradient_direction":"to top","padding-block-start":0,"padding-block-end":0,"padding-inline-start":0,"padding-inline-end":0},"blocks":{"button_kJA9zJ":{"type":"button","settings":{"label":"Book Class","link":"shopify:\/\/collections\/all","open_in_new_tab":false,"style_class":"button-secondary","width":"fit-content","custom_width":100,"width_mobile":"fit-content","custom_width_mobile":100},"blocks":{}},"button_9B6HVN":{"type":"button","name":"t:names.button","settings":{"label":"Rent Brother PE900","link":"shopify:\/\/collections\/all","open_in_new_tab":false,"style_class":"button","width":"fit-content","custom_width":100,"width_mobile":"fit-content","custom_width_mobile":100},"blocks":{}}},"block_order":["button_kJA9zJ","button_9B6HVN"]}},"block_order":["text_qcQU4i","text_8iPpPL","group_yVckhd"]}},"block_order":["image_kHiJkT","group_AQCweY"],"name":"t:names.image_with_text","settings":{"content_direction":"row","vertical_on_mobile":true,"horizontal_alignment":"flex-start","vertical_alignment":"center","align_baseline":false,"horizontal_alignment_flex_direction_column":"flex-start","vertical_alignment_flex_direction_column":"center","gap":32,"section_width":"page-width","section_height":"","section_height_custom":50,"color_scheme":"","background_media":"none","video_position":"cover","background_image_position":"cover","border":"none","border_width":1,"border_opacity":100,"border_radius":0,"toggle_overlay":false,"overlay_color":"#00000026","overlay_style":"solid","gradient_direction":"to top","padding-block-start":20,"padding-block-end":0}},"section_g76wKT":{"type":"section","blocks":{"text_qK6yMc":{"type":"text","name":"t:names.heading","settings":{"text":"<h2>Extra Tools<\/h2>","width":"fit-content","max_width":"normal","alignment":"left","type_preset":"rte","font":"var(--font-body--family)","font_size":"1rem","line_height":"normal","letter_spacing":"normal","case":"none","wrap":"pretty","color":"var(--color-foreground)","background":false,"background_color":"#00000026","corner_radius":0,"padding-block-start":0,"padding-block-end":0,"padding-inline-start":0,"padding-inline-end":0},"blocks":{}},"group_iEPH3Q":{"type":"group","name":"t:names.group","settings":{"link":"","open_in_new_tab":false,"content_direction":"row","vertical_on_mobile":true,"horizontal_alignment":"flex-start","vertical_alignment":"center","align_baseline":false,"horizontal_alignment_flex_direction_column":"flex-start","vertical_alignment_flex_direction_column":"center","gap":12,"width":"fill","custom_width":100,"width_mobile":"fill","custom_width_mobile":100,"height":"fit","custom_height":100,"inherit_color_scheme":true,"color_scheme":"","background_media":"none","video_position":"cover","background_image_position":"cover","border":"none","border_width":1,"border_opacity":100,"border_radius":0,"placeholder":"","toggle_overlay":false,"overlay_color":"#00000026","overlay_style":"solid","gradient_direction":"to top","padding-block-start":0,"padding-block-end":0,"padding-inline-start":0,"padding-inline-end":0},"blocks":{"group_4e3bTg":{"type":"group","name":"Column","settings":{"link":"","open_in_new_tab":false,"content_direction":"column","vertical_on_mobile":true,"horizontal_alignment":"flex-start","vertical_alignment":"center","align_baseline":false,"horizontal_alignment_flex_direction_column":"flex-start","vertical_alignment_flex_direction_column":"flex-start","gap":20,"width":"fill","custom_width":100,"width_mobile":"fill","custom_width_mobile":100,"height":"fit","custom_height":100,"inherit_color_scheme":true,"color_scheme":"","background_media":"none","video_position":"cover","background_image_position":"cover","border":"none","border_width":1,"border_opacity":100,"border_radius":0,"placeholder":"","toggle_overlay":false,"overlay_color":"#00000026","overlay_style":"solid","gradient_direction":"to top","padding-block-start":10,"padding-block-end":0,"padding-inline-start":20,"padding-inline-end":20},"blocks":{"image_7D6y9D":{"type":"image","name":"t:names.image","settings":{"image":"shopify:\/\/shop_images\/Photo_Printer.jpg","link":"","image_ratio":"adapt","width":"fill","custom_width":100,"width_mobile":"custom","custom_width_mobile":100,"height":"fit","border":"none","border_width":1,"border_opacity":100,"border_radius":0,"padding-block-start":0,"padding-block-end":0,"padding-inline-start":0,"padding-inline-end":0},"blocks":{}},"text_EGbR3D":{"type":"text","name":"Heading","settings":{"text":"<h2>Brother ET-8550 Photo Printer<\/h2>","width":"100%","max_width":"normal","alignment":"center","type_preset":"h4","font":"var(--font-body--family)","font_size":"1rem","line_height":"normal","letter_spacing":"normal","case":"none","wrap":"pretty","color":"var(--color-foreground)","background":false,"background_color":"#00000026","corner_radius":0,"padding-block-start":0,"padding-block-end":0,"padding-inline-start":0,"padding-inline-end":0},"blocks":{}},"text_qQ8mqw":{"type":"text","name":"Description","settings":{"text":"<p>Print full-color tropical images, custom backgrounds, and decorative papers for use in collages, layered art projects, and mixed-media crafts.<\/p>","width":"100%","max_width":"normal","alignment":"center","type_preset":"rte","font":"var(--font-body--family)","font_size":"1rem","line_height":"normal","letter_spacing":"normal","case":"none","wrap":"pretty","color":"var(--color-foreground)","background":false,"background_color":"#00000026","corner_radius":0,"padding-block-start":0,"padding-block-end":0,"padding-inline-start":0,"padding-inline-end":0},"blocks":{}}},"block_order":["image_7D6y9D","text_EGbR3D","text_qQ8mqw"]},"group_68kkDQ":{"type":"group","name":"Column","settings":{"link":"","open_in_new_tab":false,"content_direction":"column","vertical_on_mobile":true,"horizontal_alignment":"flex-start","vertical_alignment":"center","align_baseline":false,"horizontal_alignment_flex_direction_column":"center","vertical_alignment_flex_direction_column":"flex-start","gap":20,"width":"fill","custom_width":100,"width_mobile":"fill","custom_width_mobile":100,"height":"fit","custom_height":100,"inherit_color_scheme":true,"color_scheme":"","background_media":"none","video_position":"cover","background_image_position":"cover","border":"none","border_width":1,"border_opacity":100,"border_radius":0,"placeholder":"","toggle_overlay":false,"overlay_color":"#00000026","overlay_style":"solid","gradient_direction":"to top","padding-block-start":10,"padding-block-end":0,"padding-inline-start":20,"padding-inline-end":20},"blocks":{"image_FLnbDK":{"type":"image","name":"t:names.image","settings":{"image":"shopify:\/\/shop_images\/hand_press.jpg","link":"","image_ratio":"adapt","width":"fit-content","custom_width":100,"width_mobile":"fit-content","custom_width_mobile":100,"height":"fit","border":"none","border_width":1,"border_opacity":100,"border_radius":0,"padding-block-start":0,"padding-block-end":0,"padding-inline-start":0,"padding-inline-end":0},"blocks":{}},"text_fkaQqM":{"type":"text","name":"Heading","settings":{"text":"<h2>Hand Press<\/h2>","width":"100%","max_width":"normal","alignment":"center","type_preset":"h4","font":"var(--font-body--family)","font_size":"1rem","line_height":"normal","letter_spacing":"normal","case":"none","wrap":"pretty","color":"var(--color-foreground)","background":false,"background_color":"#00000026","corner_radius":0,"padding-block-start":0,"padding-block-end":0,"padding-inline-start":0,"padding-inline-end":0},"blocks":{}},"text_CabTHU":{"type":"text","name":"Description","settings":{"text":"<p>A tabletop press that uses a simple lever to apply strong, even pressure. We use it to create embossed textures, pressed flower art, metal and leather impressions, and clay ornaments. It’s a safe, hands-on way for guests to add dimension and unique details to their projects.<\/p>","width":"100%","max_width":"normal","alignment":"center","type_preset":"rte","font":"var(--font-body--family)","font_size":"1rem","line_height":"normal","letter_spacing":"normal","case":"none","wrap":"pretty","color":"var(--color-foreground)","background":false,"background_color":"#00000026","corner_radius":0,"padding-block-start":0,"padding-block-end":0,"padding-inline-start":0,"padding-inline-end":0},"blocks":{}}},"block_order":["image_FLnbDK","text_fkaQqM","text_CabTHU"]}},"block_order":["group_4e3bTg","group_68kkDQ"]}},"block_order":["text_qK6yMc","group_iEPH3Q"],"name":"t:names.multicolumn","settings":{"content_direction":"column","vertical_on_mobile":true,"horizontal_alignment":"flex-start","vertical_alignment":"flex-start","align_baseline":false,"horizontal_alignment_flex_direction_column":"flex-start","vertical_alignment_flex_direction_column":"center","gap":16,"section_width":"page-width","section_height":"","section_height_custom":50,"color_scheme":"scheme-1","background_media":"none","video_position":"cover","background_image_position":"cover","border":"none","border_width":1,"border_opacity":100,"border_radius":0,"toggle_overlay":false,"overlay_color":"#00000026","overlay_style":"solid","gradient_direction":"to top","padding-block-start":48,"padding-block-end":48}}},"order":["hero_iLBwPd","product_list_EDUBdR","media_with_content_LfPdEJ","collection_list_xpBxCm","media_with_content_bmYxrf","section_FEjjaz","section_hzLqbL","section_wAqMnQ","section_xfFJnc","section_MrP4VR","section_VEH6QJ","section_g76wKT"]}