{"sections":{"main":{"type":"product-information","blocks":{"media-gallery":{"type":"_product-media-gallery","static":true,"settings":{"media_presentation":"grid","media_columns":"two","image_gap":12,"large_first_image":true,"icons_style":"chevron","slideshow_controls_style":"dots","slideshow_mobile_controls_style":"dots","thumbnail_position":"bottom","thumbnail_width":44,"aspect_ratio":"adapt","constrain_to_viewport":true,"media_fit":"cover","media_radius":20,"extend_media":false,"zoom":true,"video_loop":false,"hide_variants":false,"padding-block-start":0,"padding-block-end":0,"padding-inline-start":0,"padding-inline-end":0},"blocks":{}},"product-details":{"type":"_product-details","static":true,"settings":{"width":"fill","custom_width":100,"width_mobile":"fill","custom_width_mobile":100,"height":"fit","details_position":"flex-start","gap":16,"sticky_details_desktop":true,"inherit_color_scheme":true,"color_scheme":"","background_media":"none","video_position":"cover","background_image_position":"cover","border":"none","border_width":1,"border_opacity":100,"border_radius":0,"padding-block-start":32,"padding-block-end":16,"padding-inline-start":12,"padding-inline-end":12},"blocks":{"product_title_GnyQiN":{"type":"product-title","name":"t:names.title","settings":{"width":"fit-content","max_width":"normal","alignment":"left","type_preset":"h2","font":"var(--font-body--family)","font_size":"1rem","line_height":"normal","letter_spacing":"normal","case":"none","wrap":"pretty","color":"var(--color-foreground)","background":false,"background_color":"#00000026","corner_radius":0,"padding-block-start":0,"padding-block-end":0,"padding-inline-start":0,"padding-inline-end":0},"blocks":{}},"reviews":{"type":"review","settings":{"stars_style":"shaded","show_number":true,"rating_color":"primary","type_preset":"paragraph","alignment":"left"},"blocks":{}},"price_a7krng":{"type":"price","settings":{"show_sale_price_first":true,"show_installments":true,"show_tax_info":true,"type_preset":"h4","width":"100%","alignment":"left","font":"var(--font-body--family)","font_size":"1rem","line_height":"normal","letter_spacing":"normal","case":"none","color":"var(--color-foreground)","padding-block-start":0,"padding-block-end":17,"padding-inline-start":0,"padding-inline-end":0},"blocks":{}},"variant_picker_R3rGDr":{"type":"variant-picker","settings":{"variant_style":"buttons","show_swatches":true,"alignment":"left","padding-block-start":12,"padding-block-end":12,"padding-inline-start":0,"padding-inline-end":0},"blocks":{}},"buy_buttons_eYQEYi":{"type":"buy-buttons","settings":{"stacking":false,"show_pickup_availability":false,"gift_card_form":true,"padding-block-start":0,"padding-block-end":0,"padding-inline-start":0,"padding-inline-end":0},"blocks":{"quantity":{"type":"quantity","static":true,"settings":{},"blocks":{}},"add-to-cart":{"type":"add-to-cart","static":true,"settings":{"style_class":"button"},"blocks":{}},"accelerated-checkout":{"type":"accelerated-checkout","static":true,"settings":{},"blocks":{}}},"block_order":[]},"product_description_LfDYCg":{"type":"product-description","name":"t:names.product_description","settings":{"text":"{{ closest.product.description }}","width":"fit-content","max_width":"normal","alignment":"left","type_preset":"rte","font":"var(--font-primary--family)","font_size":"","line_height":"normal","letter_spacing":"normal","case":"none","wrap":"pretty","color":"","background":false,"background_color":"#00000026","corner_radius":0,"padding-block-start":0,"padding-block-end":0,"padding-inline-start":0,"padding-inline-end":0},"blocks":{}},"group_X39hBc":{"type":"group","name":"Values","settings":{"link":"","open_in_new_tab":false,"content_direction":"column","vertical_on_mobile":true,"horizontal_alignment":"flex-start","vertical_alignment":"center","align_baseline":false,"horizontal_alignment_flex_direction_column":"flex-start","vertical_alignment_flex_direction_column":"center","gap":12,"width":"fill","custom_width":100,"width_mobile":"fill","custom_width_mobile":100,"height":"fit","custom_height":100,"inherit_color_scheme":true,"color_scheme":"","background_media":"none","video_position":"cover","background_image_position":"cover","border":"none","border_width":1,"border_opacity":100,"border_radius":0,"placeholder":"","toggle_overlay":false,"overlay_color":"#00000026","overlay_style":"solid","gradient_direction":"to top","padding-block-start":8,"padding-block-end":16,"padding-inline-start":0,"padding-inline-end":0},"blocks":{"group_XqRYxC":{"type":"group","name":"Row 1","settings":{"link":"","open_in_new_tab":false,"content_direction":"row","vertical_on_mobile":false,"horizontal_alignment":"flex-start","vertical_alignment":"center","align_baseline":false,"horizontal_alignment_flex_direction_column":"flex-start","vertical_alignment_flex_direction_column":"center","gap":12,"width":"fill","custom_width":100,"width_mobile":"fill","custom_width_mobile":100,"height":"fit","custom_height":100,"inherit_color_scheme":true,"color_scheme":"","background_media":"none","video_position":"cover","background_image_position":"cover","border":"none","border_width":1,"border_opacity":100,"border_radius":0,"placeholder":"","toggle_overlay":false,"overlay_color":"#00000026","overlay_style":"solid","gradient_direction":"to top","padding-block-start":0,"padding-block-end":0,"padding-inline-start":0,"padding-inline-end":0},"blocks":{"group_aXnYyb":{"type":"group","name":"Care","settings":{"link":"","open_in_new_tab":false,"content_direction":"column","vertical_on_mobile":true,"horizontal_alignment":"flex-start","vertical_alignment":"center","align_baseline":false,"horizontal_alignment_flex_direction_column":"center","vertical_alignment_flex_direction_column":"center","gap":12,"width":"fill","custom_width":100,"width_mobile":"fill","custom_width_mobile":100,"height":"fit","custom_height":100,"inherit_color_scheme":false,"color_scheme":"scheme-2","background_media":"none","video_position":"cover","background_image_position":"cover","border":"none","border_width":1,"border_opacity":100,"border_radius":10,"placeholder":"","toggle_overlay":false,"overlay_color":"#00000026","overlay_style":"solid","gradient_direction":"to top","padding-block-start":42,"padding-block-end":42,"padding-inline-start":0,"padding-inline-end":0},"blocks":{"icon_CbKB4N":{"type":"icon","name":"t:names.icon","settings":{"icon":"heart","width":24,"link":"","open_in_new_tab":false},"blocks":{}},"text_ktmjan":{"type":"text","name":"Heading","settings":{"text":"<p>Made with care<\/p>","width":"100%","max_width":"normal","alignment":"center","type_preset":"h6","font":"var(--font-primary--family)","font_size":"","line_height":"normal","letter_spacing":"normal","case":"none","wrap":"pretty","color":"","background":false,"background_color":"#00000026","corner_radius":0,"padding-block-start":0,"padding-block-end":0,"padding-inline-start":0,"padding-inline-end":0},"blocks":{}}},"block_order":["icon_CbKB4N","text_ktmjan"]},"group_YAKm6a":{"type":"group","name":"Value","settings":{"link":"","open_in_new_tab":false,"content_direction":"column","vertical_on_mobile":true,"horizontal_alignment":"flex-start","vertical_alignment":"center","align_baseline":false,"horizontal_alignment_flex_direction_column":"center","vertical_alignment_flex_direction_column":"center","gap":12,"width":"fill","custom_width":100,"width_mobile":"fill","custom_width_mobile":100,"height":"fit","custom_height":100,"inherit_color_scheme":false,"color_scheme":"scheme-2","background_media":"none","video_position":"cover","background_image_position":"cover","border":"none","border_width":1,"border_opacity":100,"border_radius":10,"placeholder":"","toggle_overlay":false,"overlay_color":"#00000026","overlay_style":"solid","gradient_direction":"to top","padding-block-start":42,"padding-block-end":42,"padding-inline-start":0,"padding-inline-end":0},"blocks":{"icon_AXg4Q3":{"type":"icon","name":"t:names.icon","settings":{"icon":"price_tag","width":24,"link":"","open_in_new_tab":false},"blocks":{}},"text_DRMYrh":{"type":"text","name":"Heading","settings":{"text":"<p>Great value<\/p>","width":"100%","max_width":"normal","alignment":"center","type_preset":"h6","font":"var(--font-primary--family)","font_size":"","line_height":"normal","letter_spacing":"normal","case":"none","wrap":"pretty","color":"","background":false,"background_color":"#00000026","corner_radius":0,"padding-block-start":0,"padding-block-end":0,"padding-inline-start":0,"padding-inline-end":0},"blocks":{}}},"block_order":["icon_AXg4Q3","text_DRMYrh"]}},"block_order":["group_aXnYyb","group_YAKm6a"]},"group_e7FkRj":{"type":"group","name":"Row 2","settings":{"link":"","open_in_new_tab":false,"content_direction":"row","vertical_on_mobile":false,"horizontal_alignment":"flex-start","vertical_alignment":"center","align_baseline":false,"horizontal_alignment_flex_direction_column":"flex-start","vertical_alignment_flex_direction_column":"center","gap":12,"width":"fill","custom_width":100,"width_mobile":"fill","custom_width_mobile":100,"height":"fit","custom_height":100,"inherit_color_scheme":true,"color_scheme":"","background_media":"none","video_position":"cover","background_image_position":"cover","border":"none","border_width":1,"border_opacity":100,"border_radius":0,"placeholder":"","toggle_overlay":false,"overlay_color":"#00000026","overlay_style":"solid","gradient_direction":"to top","padding-block-start":0,"padding-block-end":0,"padding-inline-start":0,"padding-inline-end":0},"blocks":{"group_NGJDpt":{"type":"group","name":"Design","settings":{"link":"","open_in_new_tab":false,"content_direction":"column","vertical_on_mobile":true,"horizontal_alignment":"flex-start","vertical_alignment":"center","align_baseline":false,"horizontal_alignment_flex_direction_column":"center","vertical_alignment_flex_direction_column":"center","gap":12,"width":"fill","custom_width":100,"width_mobile":"fill","custom_width_mobile":100,"height":"fit","custom_height":100,"inherit_color_scheme":false,"color_scheme":"scheme-2","background_media":"none","video_position":"cover","background_image_position":"cover","border":"none","border_width":1,"border_opacity":100,"border_radius":10,"placeholder":"","toggle_overlay":false,"overlay_color":"#00000026","overlay_style":"solid","gradient_direction":"to top","padding-block-start":42,"padding-block-end":42,"padding-inline-start":0,"padding-inline-end":0},"blocks":{"icon_bjBHgQ":{"type":"icon","name":"t:names.icon","settings":{"icon":"plant","width":24,"link":"","open_in_new_tab":false},"blocks":{}},"text_fN97nd":{"type":"text","name":"Heading","settings":{"text":"<p>Elegant design<\/p>","width":"100%","max_width":"normal","alignment":"center","type_preset":"h6","font":"var(--font-primary--family)","font_size":"","line_height":"normal","letter_spacing":"normal","case":"none","wrap":"pretty","color":"","background":false,"background_color":"#00000026","corner_radius":0,"padding-block-start":0,"padding-block-end":0,"padding-inline-start":0,"padding-inline-end":0},"blocks":{}}},"block_order":["icon_bjBHgQ","text_fN97nd"]},"group_73gqqM":{"type":"group","name":"Quality","settings":{"link":"","open_in_new_tab":false,"content_direction":"column","vertical_on_mobile":true,"horizontal_alignment":"flex-start","vertical_alignment":"center","align_baseline":false,"horizontal_alignment_flex_direction_column":"center","vertical_alignment_flex_direction_column":"center","gap":12,"width":"fill","custom_width":100,"width_mobile":"fill","custom_width_mobile":100,"height":"fit","custom_height":100,"inherit_color_scheme":false,"color_scheme":"scheme-2","background_media":"none","video_position":"cover","background_image_position":"cover","border":"none","border_width":1,"border_opacity":100,"border_radius":10,"placeholder":"","toggle_overlay":false,"overlay_color":"#00000026","overlay_style":"solid","gradient_direction":"to top","padding-block-start":42,"padding-block-end":42,"padding-inline-start":0,"padding-inline-end":0},"blocks":{"icon_twG6iJ":{"type":"icon","name":"t:names.icon","settings":{"icon":"leather","width":24,"link":"","open_in_new_tab":false},"blocks":{}},"text_UmcfKJ":{"type":"text","name":"Heading","settings":{"text":"<p>Quality materials<\/p>","width":"100%","max_width":"normal","alignment":"center","type_preset":"h6","font":"var(--font-primary--family)","font_size":"","line_height":"normal","letter_spacing":"normal","case":"none","wrap":"pretty","color":"","background":false,"background_color":"#00000026","corner_radius":0,"padding-block-start":0,"padding-block-end":0,"padding-inline-start":0,"padding-inline-end":0},"blocks":{}}},"block_order":["icon_twG6iJ","text_UmcfKJ"]}},"block_order":["group_NGJDpt","group_73gqqM"]}},"block_order":["group_XqRYxC","group_e7FkRj"]},"accordion_g8EVVp":{"type":"accordion","name":"Accordion","settings":{"icon":"plus","dividers":true,"type_preset":"h4","inherit_color_scheme":true,"color_scheme":"","border":"none","border_width":1,"border_opacity":100,"border_radius":0,"padding-block-start":0,"padding-block-end":0,"padding-inline-start":0,"padding-inline-end":0},"blocks":{"accordion_row_VyFryh":{"type":"_accordion-row","settings":{"heading":"Details","open_by_default":false,"icon":"none","width":20},"blocks":{"text_McjMWz":{"type":"text","settings":{"text":"<p>This product is crafted with quality materials to ensure durability and performance. Designed with your convenience in mind, it seamlessly fits into your everyday life.<\/p>","width":"100%","max_width":"normal","alignment":"left","type_preset":"rte","font":"var(--font-primary--family)","font_size":"","line_height":"normal","letter_spacing":"normal","case":"none","wrap":"pretty","color":"","background":false,"background_color":"#00000026","corner_radius":0,"padding-block-start":0,"padding-block-end":0,"padding-inline-start":0,"padding-inline-end":0},"blocks":{}}},"block_order":["text_McjMWz"]},"accordion_row_aaFerA":{"type":"_accordion-row","settings":{"heading":"Shipping & Returns","open_by_default":false,"icon":"none","width":20},"blocks":{"text_DNPAct":{"type":"text","settings":{"text":"<p>We strive to process and ship all orders in a timely manner, working diligently to ensure that your items are on their way to you as soon as possible. <\/p><p>We are committed to ensuring a positive shopping experience for all our customers. If for any reason you wish to return an item, we invite you to reach out to our team for assistance, and we will evaluate every return request with care and consideration.<\/p>","width":"100%","max_width":"normal","alignment":"left","type_preset":"rte","font":"var(--font-primary--family)","font_size":"","line_height":"normal","letter_spacing":"normal","case":"none","wrap":"pretty","color":"","background":false,"background_color":"#00000026","corner_radius":0,"padding-block-start":0,"padding-block-end":0,"padding-inline-start":0,"padding-inline-end":0},"blocks":{}}},"block_order":["text_DNPAct"]}},"block_order":["accordion_row_VyFryh","accordion_row_aaFerA"]}},"block_order":["product_title_GnyQiN","reviews","price_a7krng","variant_picker_R3rGDr","buy_buttons_eYQEYi","product_description_LfDYCg","group_X39hBc","accordion_g8EVVp"]}},"settings":{"content_width":"content-center-aligned","desktop_media_position":"left","equal_columns":false,"limit_details_width":false,"gap":48,"color_scheme":"","padding-block-start":40,"padding-block-end":32}},"section_NaqU9X":{"type":"section","blocks":{"video_PthMbP":{"type":"video","name":"t:names.video","settings":{"source":"uploaded","video_url":"","video_autoplay":false,"video_loop":true,"alt":"","custom_width":100,"custom_width_mobile":100,"aspect_ratio":"16\/9","border":"none","border_width":1,"border_opacity":100,"border_radius":0,"padding-block-start":0,"padding-block-end":0,"padding-inline-start":0,"padding-inline-end":0},"blocks":{}}},"block_order":["video_PthMbP"],"name":"t:names.video_section","settings":{"content_direction":"column","vertical_on_mobile":true,"horizontal_alignment":"flex-start","vertical_alignment":"center","align_baseline":false,"horizontal_alignment_flex_direction_column":"flex-start","vertical_alignment_flex_direction_column":"center","gap":16,"section_width":"full-width","section_height":"small","section_height_custom":50,"color_scheme":"","background_media":"none","video_position":"cover","background_image_position":"cover","border":"none","border_width":1,"border_opacity":100,"border_radius":0,"toggle_overlay":false,"overlay_color":"#00000026","overlay_style":"solid","gradient_direction":"to top","padding-block-start":0,"padding-block-end":0}},"product_list_zR9Cym":{"type":"product-list","blocks":{"static-header":{"type":"_product-list-content","static":true,"settings":{"content_direction":"column","vertical_on_mobile":true,"horizontal_alignment":"flex-start","vertical_alignment":"center","align_baseline":false,"horizontal_alignment_flex_direction_column":"flex-start","vertical_alignment_flex_direction_column":"center","gap":12,"width":"fill","custom_width":100,"width_mobile":"fill","custom_width_mobile":100,"height":"fit","custom_height":100,"inherit_color_scheme":true,"color_scheme":"","background_media":"none","video_position":"cover","background_image_position":"cover","border":"none","border_width":1,"border_opacity":100,"border_radius":0,"padding-block-start":0,"padding-block-end":0,"padding-inline-start":0,"padding-inline-end":0},"blocks":{"product_list_text_zDAmEe":{"type":"_product-list-text","name":"t:names.collection_title","settings":{"text":"<p>Shop The Full Collection<\/p>","width":"100%","max_width":"normal","alignment":"center","type_preset":"h2","font":"var(--font-primary--family)","font_size":"","line_height":"normal","letter_spacing":"normal","case":"none","wrap":"pretty","color":"","background":false,"background_color":"#00000026","corner_radius":0,"padding-block-start":0,"padding-block-end":0,"padding-inline-start":0,"padding-inline-end":0},"blocks":{}}},"block_order":["product_list_text_zDAmEe"]},"static-product-card":{"type":"_product-card","name":"t:names.product_card","static":true,"settings":{"product_card_gap":0,"inherit_color_scheme":false,"color_scheme":"scheme-e1e09ff5-6396-47cd-ad7a-c05470cf2a2e","border":"none","border_width":0,"border_opacity":100,"border_radius":10,"padding-block-start":0,"padding-block-end":0,"padding-inline-start":0,"padding-inline-end":0},"blocks":{"product_card_gallery_Hf6KQF":{"type":"_product-card-gallery","name":"t:names.product_card_media","settings":{"image_ratio":"square","border":"none","border_width":1,"border_opacity":100,"border_radius":0,"padding-block-start":0,"padding-block-end":0,"padding-inline-start":0,"padding-inline-end":0},"blocks":{}},"group_VPQXaP":{"type":"_product-card-group","name":"t:names.group","settings":{"link":"","open_in_new_tab":false,"content_direction":"column","vertical_on_mobile":true,"horizontal_alignment":"space-between","vertical_alignment":"flex-end","align_baseline":false,"horizontal_alignment_flex_direction_column":"flex-start","vertical_alignment_flex_direction_column":"center","gap":4,"width":"fill","custom_width":100,"width_mobile":"fill","custom_width_mobile":100,"height":"fit","custom_height":100,"inherit_color_scheme":true,"color_scheme":"","background_media":"none","video_position":"cover","background_image_position":"cover","border":"none","border_width":1,"border_opacity":100,"border_radius":0,"toggle_overlay":false,"overlay_color":"#00000026","overlay_style":"solid","gradient_direction":"to top","padding-block-start":24,"padding-block-end":24,"padding-inline-start":24,"padding-inline-end":16},"blocks":{"product_title_hHha9n":{"type":"product-title","name":"t:names.product_title","settings":{"width":"fit-content","max_width":"normal","alignment":"left","type_preset":"paragraph","font":"var(--font-body--family)","font_size":"1rem","line_height":"normal","letter_spacing":"normal","case":"none","wrap":"pretty","color":"var(--color-foreground)","background":false,"background_color":"#00000026","corner_radius":0,"padding-block-start":0,"padding-block-end":0,"padding-inline-start":0,"padding-inline-end":0},"blocks":{}},"price_gL8gJK":{"type":"price","name":"t:names.product_price","settings":{"show_sale_price_first":true,"show_installments":false,"show_tax_info":false,"type_preset":"paragraph","width":"fit-content","alignment":"right","font":"var(--font-body--family)","font_size":"1rem","line_height":"normal","letter_spacing":"normal","case":"none","color":"var(--color-foreground)","padding-block-start":0,"padding-block-end":0,"padding-inline-start":0,"padding-inline-end":0},"blocks":{}},"swatches_Fhf4Yz":{"type":"swatches","name":"t:names.swatches","settings":{"product_swatches_alignment":"flex-start","product_swatches_alignment_mobile":"flex-start","hide_padding":false,"product_swatches_padding_top":4,"product_swatches_padding_bottom":0,"product_swatches_padding_left":0,"product_swatches_padding_right":0},"blocks":{}}},"block_order":["product_title_hHha9n","price_gL8gJK","swatches_Fhf4Yz"]}},"block_order":["product_card_gallery_Hf6KQF","group_VPQXaP"]}},"name":"Featured collection","settings":{"collection":"all","layout_type":"grid","carousel_on_mobile":false,"max_products":4,"columns":4,"mobile_columns":"2","mobile_card_size":"60cqw","columns_gap":12,"rows_gap":12,"icons_style":"arrow","icons_shape":"none","section_width":"page-width","horizontal_alignment":"flex-start","gap":28,"color_scheme":"scheme-1","padding-block-start":60,"padding-block-end":72}}},"order":["main","section_NaqU9X","product_list_zR9Cym"]}